{"Feet": 168977.0, "Meters": 51504.815898561326, "Eiffel Towers": 156.02677746999078, "Bananas": 289691.4109377678}